"town","mobile_home_count","at_risk_count","pct_mh_at_risk"
"Woodford",27,23,0.851851851851852
"Woodstock",70,48,0.685714285714286
"Sandgate",7,4,0.571428571428571
"Jamaica",100,49,0.49
"Windsor",63,30,0.476190476190476
"Killington",13,6,0.461538461538462
"Pittsfield",9,4,0.444444444444444
"Plymouth",18,8,0.444444444444444
"Wilmington",94,38,0.404255319148936
"Proctor",15,6,0.4
